{"num_clusters":2,"p":[1,1],"T":[[1,0,0,0,0,0,0,0,0,0,0,0],[0,1,0,0,0,0,0,0,0,0,0,0],[0,0,1,0,0,0,0,0,0,0,0,0],[0,0,0,1,0,0,0,0,0,0,0,0],[0,0,0,0,1,0,0,0,0,0,0,0],[0,0,0,0,0,1,0,0,0,0,0,0],[0,0,0,0,0,0,1,0,0,0,0,0],[0,0,0,0,0,0,0,1,0,0,0,0],[0,0,0,0,0,0,0,0,1,0,0,0],[0,0,0,0,0,0,0,0,0,1,0,0],[0,0,0,0,0,0,0,0,0,0,1,0],[0,0,0,0,0,0,0,0,0,0,0,1]],"TA":[[0,0,1,0,0,0,0,0,0,0,0,0],[0,0,0,1,0,0,0,0,0,0,0,0],[0,0,-3,0,0,0,0,0,0,0,0,0],[0,0,0,-3,0,0,0,0,0,0,0,0],[1,0,0,0,0,0,0,0,0,0,0,0],[0,1,0,0,0,0,0,0,0,0,0,0],[0,0,0,0,0,0,0,0,1,0,0,0],[0,0,0,0,0,0,0,0,0,1,0,0],[0,0,0,0,0,0,0,0,-3,0,0,0],[0,0,0,0,0,0,0,0,0,-3,0,0],[0,0,0,0,0,0,1,0,0,0,0,0],[0,0,0,0,0,0,0,1,0,0,0,0]],"TB":[[0,0,0,0],[0,0,0,0],[1,0,0,0],[0,1,0,0],[0,0,0,0],[0,0,0,0],[0,0,0,0],[0,0,0,0],[0,0,1,0],[0,0,0,1],[0,0,0,0],[0,0,0,0]],"ZD":[0,0,0,0,0,0,0,0,0,0,0,0],"KL":[[7.1812226907551908,0.00024790993389779779,2.31193618432022,0.47551155136242412,0.071280714899510045,-4.4583562655839241E-5,-0.057416119649117872,0.0044475524039773347,-0.018189924053233487,-0.0023692167749522573,-0.00057056372019951673,4.335717686683817E-5],[0.00024790675027782424,7.1812226106616093,0.47551155219445251,2.3119361677577679,-4.4571172163790396E-5,0.071280633946457353,0.0044473313424751365,-0.057417470880750644,-0.0023692365842718278,-0.018190177587332615,4.3234155801121007E-5,-0.000572356404389321],[-0.05741557391060495,0.00444846225501446,-0.018189835625605354,-0.0023690531571474664,-0.00056993532212823883,4.4531455190826232E-5,7.1813023921208545,0.00038090485366793284,2.3119491002604651,0.47553547600105694,0.071372438962722759,0.00012679614509340781],[0.004448462330105281,-0.057415573268263652,-0.0023690531535353861,-0.018189835493700058,4.453140629496963E-5,-0.00056993468256651223,0.00039554191732897332,7.1814702616965187,0.47553549578445586,2.3119808092861449,0.00012479109043814703,0.071596812811420135]],"Ka":[[7.181222612341835,0.00024793512973027846,2.3119361695146123,0.47551155742550077,0.0712806125979737,-4.4531021884767366E-5,-0.057415573266086949,0.0044484620546116739,-0.018189835503988387,-0.0023690532045346148,-0.0005699344793188109,4.4531021883371754E-5],[0.0002479351297454832,7.181222612341851,0.47551155742550077,2.3119361695146212,-4.4531021884579744E-5,0.071280612597976661,0.0044484620546098065,-0.057415573266077408,-0.002369053204533966,-0.018189835503987985,4.4531021883728849E-5,-0.00056993447931868307],[-0.057415573266081849,0.00444846205461055,-0.018189835503988307,-0.002369053204534012,-0.00056993447931891162,4.4531021883941136E-5,7.1812226123418466,0.00024793512971751572,2.3119361695146252,0.47551155742549112,0.071280612597973456,-4.453102188361847E-5],[0.0044484620546056883,-0.05741557326608078,-0.0023690532045347254,-0.018189835503988085,4.453102188330082E-5,-0.00056993447931784683,0.00024793512970564327,7.1812226123417657,0.47551155742549123,2.3119361695146057,-4.4531021884302534E-5,0.07128061259797254]],"DKL":[[5.9107460179704994,-0.18470280112748882,1.7469429954435292,0.15351770814959079,0.058633265370699239,-0.0018629248349650283,0.008796554646814482,-0.025153716663319191,-0.00800709097971853,0.039144109941442191,8.870863023280448E-5,-0.00025372797365193504],[-0.18132758872255192,5.6388297423247922,0.15606922844857796,1.9712722248878862,-0.0018288594441657282,0.055921578419083455,-0.050665471213112011,-0.029986641082346336,0.024775605610007953,0.033863474231745114,-0.0005074392817423193,-0.00039551079996133812],[-0.0025498973401961744,-0.0454476361005461,-0.016597946447728412,0.028858589650299468,-2.3838756801274936E-5,-0.00045894357368236264,5.6239638386366311,0.18006493075440058,1.9633423309484752,-0.16711332440182805,0.055741718991416493,0.0018269472577673535],[-0.045322427904260811,-0.019587416867290045,0.02378437399401756,0.04176892106350092,-0.00045559707881249513,-0.00029442007654367579,0.17838526050262291,5.8572975385712365,-0.16839165322351229,1.7536334396695294,0.001799864353724302,0.058398682414693891]],"DTA":[[1,0,0.15039612130199118,0,0,0,0,0,0,0,0,0],[0,1,0,0.15039612130199118,0,0,0,0,0,0,0,0],[0,0,0.54881163609402639,0,0,0,0,0,0,0,0,0],[0,0,0,0.54881163609402639,0,0,0,0,0,0,0,0],[0.19999999999999998,0,0.016534626232669606,0,1,0,0,0,0,0,0,0],[0,0.19999999999999998,0,0.016534626232669606,0,1,0,0,0,0,0,0],[0,0,0,0,0,0,1,0,0.15039612130199118,0,0,0],[0,0,0,0,0,0,0,1,0,0.15039612130199118,0,0],[0,0,0,0,0,0,0,0,0.54881163609402639,0,0,0],[0,0,0,0,0,0,0,0,0,0.54881163609402639,0,0],[0,0,0,0,0,0,0.19999999999999998,0,0.016534626232669606,0,1,0],[0,0,0,0,0,0,0,0.19999999999999998,0,0.016534626232669606,0,1]],"DTB":[[0.016534626232669603,0,0,0],[0,0.016534626232669603,0,0],[0.1503961213019912,0,0,0],[0,0.1503961213019912,0,0],[0.0011551245891101318,0,0,0],[0,0.0011551245891101318,0,0],[0,0,0.016534626232669603,0],[0,0,0,0.016534626232669603],[0,0,0.1503961213019912,0],[0,0,0,0.1503961213019912],[0,0,0.0011551245891101318,0],[0,0,0,0.0011551245891101318]],"state_idxs":[1,7],"state_idxs_C":[0,6]}